فتره,جاهزة,المستفيد,المحاضر,القاعة,الى,من,الايام,المسجلين,اعلى حد,التسلسل,النشاط,ساعات المقرر,اسم المقرر,المقرر,الشعبة,index
12,نعم,44,اسلام خان محمد نضرول,304,11:10 ص,09:45 ص,1,37,50,1,نظري,3,حساب التكامل,MATH115,846,1
12,نعم,44,اسلام خان محمد نضرول,304,09:15 ص,08:00 ص,4,37,50,1,نظري,3,حساب التكامل,MATH115,846,2
12,نعم,44,اسلام خان محمد نضرول,304,09:15 ص,08:00 ص,2 1,43,50,2,نظري,3,حساب التكامل,MATH115,847,3
12,نعم,44,اسلام خان محمد نضرول,302,01:15 م,12:00 م,2,28,50,3,نظري,3,حساب التكامل,MATH115,848,4
12,نعم,44,اسلام خان محمد نضرول,302,12:45 م,11:30 ص,1,28,50,3,نظري,3,حساب التكامل,MATH115,848,5
12,لا,44,لم يحدد من الكلية,لم تحدد من الكلية,11:10 ص,09:45 ص,1,0,40,4,نظري,3,حساب التكامل,MATH115,2278,6
12,لا,44,لم يحدد من الكلية,لم تحدد من الكلية,09:15 ص,08:00 ص,5,0,40,4,نظري,3,حساب التكامل,MATH115,2278,7
12,لا,44,لم يحدد من الكلية,لم تحدد من الكلية,09:15 ص,08:00 ص,2 1,0,40,5,نظري,3,حساب التكامل,MATH115,2279,8
12,لا,44,لم يحدد من الكلية,لم تحدد من الكلية,12:45 م,11:30 ص,1,0,40,6,نظري,3,حساب التكامل,MATH115,2280,9
12,لا,44,لم يحدد من الكلية,لم تحدد من الكلية,01:15 م,12:00 م,2,0,40,6,نظري,3,حساب التكامل,MATH115,2280,10
12,نعم,44,انور حسين حسين ساديال,303,11:00 ص,09:45 ص,2 1,37,50,1,نظري,3,الجبر الخطي والحساب متعدد المتغيرات,MATH116,849,11
12,نعم,44,انور حسين حسين ساديال,201,09:15 ص,08:00 ص,2 1,19,50,2,نظري,3,الجبر الخطي والحساب متعدد المتغيرات,MATH116,850,12
12,نعم,44,انور حسين حسين ساديال,203,04:15 م,03:00 م,1,11,50,3,نظري,3,الجبر الخطي والحساب متعدد المتغيرات,MATH116,851,13
12,نعم,44,انور حسين حسين ساديال,203,01:15 م,12:00 م,2,11,50,3,نظري,3,الجبر الخطي والحساب متعدد المتغيرات,MATH116,851,14
12,لا,44,لم يحدد من الكلية,لم تحدد من الكلية,11:00 ص,09:45 ص,2 1,0,40,4,نظري,3,الجبر الخطي والحساب متعدد المتغيرات,MATH116,2281,15
12,لا,44,لم يحدد من الكلية,لم تحدد من الكلية,09:15 ص,08:00 ص,2 1,0,40,5,نظري,3,الجبر الخطي والحساب متعدد المتغيرات,MATH116,2282,16
12,لا,44,لم يحدد من الكلية,لم تحدد من الكلية,01:15 م,12:00 م,2,0,40,6,نظري,3,الجبر الخطي والحساب متعدد المتغيرات,MATH116,2283,17
12,لا,44,لم يحدد من الكلية,لم تحدد من الكلية,12:45 م,11:30 ص,1,0,40,6,نظري,3,الجبر الخطي والحساب متعدد المتغيرات,MATH116,2283,18
17,نعم,44,اسلام خان محمد نضرول,203,09:15 ص,08:00 ص,5,4,30,1,نظري,4,الطرائق الرياضية,MATH.326,843,19
17,نعم,44,اسلام خان محمد نضرول,202,12:15 م,11:00 ص,4,4,30,1,نظري,4,الطرائق الرياضية,MATH.326,843,20
17,نعم,44,محمد حسن سليمان المشيقح,lab-121,01:40 م,12:00 م,3,4,30,1,تدريب,4,الطرائق الرياضية,MATH.326,844,21
17,لا,44,اسلام خان محمد نضرول,203,10:40 ص,09:25 ص,5,0,30,4,نظري,4,الطرائق الرياضية,MATH.326,2215,22
17,لا,44,اسلام خان محمد نضرول,202,12:20 م,10:45 ص,5,0,30,4,نظري,4,الطرائق الرياضية,MATH.326,2215,23
17,لا,44,اسلام خان محمد نضرول,lab-121,05:00 م,03:00 م,5,0,30,4,تدريب,4,الطرائق الرياضية,MATH.326,2217,24
17,نعم,44,ياسر عبدالباسط احمد حسانين,205,12:30 م,11:15 ص,1,36,50,1,نظري,4,فيزياء عامه (3),PHYS116,859,25
17,نعم,44,ياسر عبدالباسط احمد حسانين,205,09:15 ص,08:00 ص,2,36,50,1,نظري,4,فيزياء عامه (3),PHYS116,859,26
17,نعم,44,ياسر عبدالباسط احمد حسانين,لم تحدد من الكلية,01:40 م,12:00 م,3,25,25,1,عملي,4,فيزياء عامه (3),PHYS116,861,27
17,نعم,44,ياسر عبدالباسط احمد حسانين,لم تحدد من الكلية,03:50 م,01:50 م,3,11,25,2,عملي,4,فيزياء عامه (3),PHYS116,862,28
17,نعم,44,ياسر عبدالباسط احمد حسانين,102,11:10 ص,09:40 ص,1,42,50,2,نظري,4,فيزياء عامه (3),PHYS116,860,31
17,نعم,44,ياسر عبدالباسط احمد حسانين,102,01:15 م,12:00 م,2,42,50,2,نظري,4,فيزياء عامه (3),PHYS116,860,32
17,نعم,44,ياسر عبدالباسط احمد حسانين,لم تحدد من الكلية,11:20 ص,09:45 ص,3,24,25,4,عملي,4,فيزياء عامه (3),PHYS116,864,33
17,نعم,44,ياسر عبدالباسط احمد حسانين,لم تحدد من الكلية,09:40 ص,08:00 ص,3,18,25,3,عملي,4,فيزياء عامه (3),PHYS116,863,34
17,نعم,44,ياسر عبدالباسط احمد حسانين,306,11:00 ص,09:45 ص,2,18,50,3,نظري,4,فيزياء عامه (3),PHYS116,2380,35
17,نعم,44,ياسر عبدالباسط احمد حسانين,306,09:15 ص,08:00 ص,1,18,50,3,نظري,4,فيزياء عامه (3),PHYS116,2380,36
17,نعم,44,ياسر عبدالباسط احمد حسانين,لم تحدد من الكلية,11:50 ص,10:10 ص,4,4,25,6,عملي,4,فيزياء عامه (3),PHYS116,2383,37
17,نعم,44,ياسر عبدالباسط احمد حسانين,لم تحدد من الكلية,02:10 م,12:30 م,4,14,25,5,عملي,4,فيزياء عامه (3),PHYS116,2382,38
17,نعم,44,ياسر عبدالباسط احمد حسانين,306,01:15 م,12:00 م,2,11,50,4,نظري,4,فيزياء عامه (3),PHYS116,2381,39
17,نعم,44,ياسر عبدالباسط احمد حسانين,306,11:10 ص,09:40 ص,1,11,50,4,نظري,4,فيزياء عامه (3),PHYS116,2381,40
17,نعم,44,ياسر عبدالباسط احمد حسانين,لم تحدد من الكلية,04:40 م,03:00 م,1,4,25,8,عملي,4,فيزياء عامه (3),PHYS116,2385,41
17,نعم,44,ياسر عبدالباسط احمد حسانين,لم تحدد من الكلية,09:40 ص,08:00 ص,3,7,25,7,عملي,4,فيزياء عامه (3),PHYS116,2384,42
21,نعم,44,انور حسين حسين ساديال,101,09:15 ص,08:00 ص,4,34,50,1,نظري,3,الإحصاء والإحتمالات,STAT126,865,43
21,نعم,44,انور حسين حسين ساديال,103,09:15 ص,08:00 ص,5,34,50,1,نظري,3,الإحصاء والإحتمالات,STAT126,865,44
21,نعم,44,انور حسين حسين ساديال,101,10:40 ص,09:25 ص,4,25,50,2,نظري,3,الإحصاء والإحتمالات,STAT126,866,45
21,نعم,44,انور حسين حسين ساديال,101,11:00 ص,09:45 ص,5,25,50,2,نظري,3,الإحصاء والإحتمالات,STAT126,866,46
21,نعم,44,انور حسين حسين ساديال,304,10:40 ص,09:25 ص,3,14,50,3,نظري,3,الإحصاء والإحتمالات,STAT126,867,47
21,نعم,44,انور حسين حسين ساديال,304,12:45 م,11:30 ص,5,14,50,3,نظري,3,الإحصاء والإحتمالات,STAT126,867,48
21,لا,44,لم يحدد من الكلية,لم تحدد من الكلية,09:15 ص,08:00 ص,5 4,0,30,4,نظري,3,الإحصاء والإحتمالات,STAT126,2445,49
21,لا,44,لم يحدد من الكلية,لم تحدد من الكلية,11:00 ص,09:45 ص,5,0,30,5,نظري,3,الإحصاء والإحتمالات,STAT126,2446,50
21,لا,44,لم يحدد من الكلية,لم تحدد من الكلية,10:40 ص,09:25 ص,4,0,30,5,نظري,3,الإحصاء والإحتمالات,STAT126,2446,51
21,لا,44,لم يحدد من الكلية,304,10:40 ص,09:25 ص,3,0,30,6,نظري,3,الإحصاء والإحتمالات,STAT126,2447,52
21,لا,44,لم يحدد من الكلية,304,12:45 م,11:30 ص,5,0,30,6,نظري,3,الإحصاء والإحتمالات,STAT126,2447,53
15,نعم,44,منهل الفاضل الطيب النور,301,10:40 ص,09:25 ص,4 2,33,40,1,نظري,3,عمارة الحاسب,COE223,666,54
15,نعم,44,منهل الفاضل الطيب النور,302,09:15 ص,08:00 ص,4,30,40,2,نظري,3,عمارة الحاسب,COE223,667,55
15,نعم,44,منهل الفاضل الطيب النور,301,09:15 ص,08:00 ص,2,30,40,2,نظري,3,عمارة الحاسب,COE223,667,56
21,نعم,44,خليل حمدى عطيه الشقيرات,301,09:15 ص,08:00 ص,3 1,27,40,1,نظري,3,شبكات الحاسب,COE351,675,57
21,نعم,44,خليل حمدى عطيه الشقيرات,304,12:45 م,11:30 ص,4,20,40,2,نظري,3,شبكات الحاسب,COE351,676,60
21,نعم,44,خليل حمدى عطيه الشقيرات,301,02:30 م,01:15 م,5,20,40,2,نظري,3,شبكات الحاسب,COE351,676,61
16,نعم,44,عبدالله ابراهيم عبدالله موسي,lab-321,02:55 م,01:15 م,1,13,15,1,عملي,1,معمل شبكات الحاسب,COE352,677,62
18,نعم,44,عبدالله ابراهيم عبدالله موسي,lab-321,04:25 م,02:45 م,4,11,15,2,عملي,1,معمل شبكات الحاسب,COE352,678,63
22,نعم,44,موسى سليمان موسى الزاكان,lab-324,01:10 م,11:30 ص,5,16,15,3,عملي,1,معمل شبكات الحاسب,COE352,679,64
22,نعم,44,موسى سليمان موسى الزاكان,lab-322,09:40 ص,08:00 ص,1,11,15,4,عملي,1,معمل شبكات الحاسب,COE352,5278,65
22,نعم,44,موسى سليمان موسى الزاكان,lab-322,09:40 ص,08:00 ص,3,8,15,5,عملي,1,معمل شبكات الحاسب,COE352,5279,66
25,نعم,44,صالح ناصر محمد السلمى,103,09:15 ص,08:00 ص,3 1,53,50,1,نظري,3,مفاهيم الخوارزميات,CS211,729,67
25,نعم,44,صالح ناصر محمد السلمى,102,12:45 م,11:30 ص,5,36,50,2,نظري,3,مفاهيم الخوارزميات,CS211,730,68
25,نعم,44,صالح ناصر محمد السلمى,101,02:30 م,01:15 م,5,36,50,2,نظري,3,مفاهيم الخوارزميات,CS211,730,69
7,نعم,44,محمد عبدالله حسن الهاجرى,105,10:40 ص,09:25 ص,3 1,34,40,1,نظري,3,مبادئ لغات البرمجة,CS213,731,70
7,نعم,44,ابراهيم جديد سعود العنزى,لم تحدد من الكلية,لم يحدد من الكلية,لم يحدد من الكلية,لم يحدد من الكلية,1,عملي,1,عملي,3,CS  213,CS213,732,71
19,نعم,44,محمد مهدي حسن .,106,09:40 ص,08:00 ص,4,18,40,1,نظري,3,تراكيب البيانات,CS214,733,72
19,نعم,44,ابراهيم جديد سعود العنزى,lab-124,11:25 ص,09:45 ص,2,13,20,2,عملي,3,تراكيب البيانات,CS214,736,73
19,نعم,44,محمد سليمان صالح الغشام,lab-121,09:40 ص,08:00 ص,2,5,20,1,عملي,3,تراكيب البيانات,CS214,735,74
19,نعم,44,محمد مهدي حسن .,106,09:40 ص,08:00 ص,2,30,40,2,نظري,3,تراكيب البيانات,CS214,734,75
19,نعم,44,ابراهيم جديد سعود العنزى,lab-124,09:40 ص,08:00 ص,4,20,20,3,عملي,3,تراكيب البيانات,CS214,737,76
19,نعم,44,محمد سليمان صالح الغشام,lab-123,11:25 ص,09:45 ص,5,10,20,4,عملي,3,تراكيب البيانات,CS214,738,77
13,نعم,44,منهل الفاضل الطيب النور,101,04:25 م,02:45 م,3,19,25,1,نظري,3,لغة التجميع,CS221,739,78
13,نعم,44,موسى سليمان موسى الزاكان,lab-123,10:20 ص,09:45 ص,4,11,13,2,عملي,3,لغة التجميع,CS221,5205,79
13,نعم,44,موسى سليمان موسى الزاكان,lab-123,02:20 م,01:00 م,3,8,12,1,عملي,3,لغة التجميع,CS221,740,80
21,نعم,44,سليمان عمرو سليمان العمرو,101,02:00 م,12:30 م,4,41,45,1,نظري,3,نظام التشغيل,CS222,741,81
21,نعم,44,موسى سليمان موسى الزاكان,lab-121,04:00 م,02:15 م,4,19,23,2,عملي,3,نظام التشغيل,CS222,744,82
21,نعم,44,موسى سليمان موسى الزاكان,lab-121,02:30 م,12:55 م,1,22,22,1,عملي,3,نظام التشغيل,CS222,743,83
21,نعم,44,سليمان عمرو سليمان العمرو,107,04:00 م,02:15 م,4,11,40,2,نظري,3,نظام التشغيل,CS222,742,84
21,نعم,44,موسى سليمان موسى الزاكان,lab-121,02:10 م,12:30 م,4,8,20,4,عملي,3,نظام التشغيل,CS222,746,85
21,نعم,44,موسى سليمان موسى الزاكان,lab-121,04:25 م,02:45 م,1,3,20,3,عملي,3,نظام التشغيل,CS222,745,86
7,نعم,44,محمد الطاهر عثمان بلقاسم بن عثمان,103,10:40 ص,09:25 ص,3 1,22,40,1,نظري,3,تصميم المترجمات,CS224,747,87
11,نعم,44,ماستر   برنس,105,12:45 م,11:30 ص,5,19,30,1,نظري,3,تحليل وتصميم الخوارزميات,CS315,748,90
11,نعم,44,ماستر   برنس,105,12:30 م,11:15 ص,1,19,30,1,نظري,3,تحليل وتصميم الخوارزميات,CS315,748,91
1,نعم,44,نبيل عتيق أحمد خان,104,09:40 ص,08:00 ص,5,28,30,1,نظري,3,الرسم بالحاسب,CS341,749,92
1,نعم,44,موسى سليمان موسى الزاكان,lab-222,04:40 م,03:00 م,2,12,15,2,عملي,3,الرسم بالحاسب,CS341,5276,93
1,نعم,44,موسى سليمان موسى الزاكان,lab-124,11:25 ص,09:45 ص,5,16,15,1,عملي,3,الرسم بالحاسب,CS341,750,94
15,نعم,44,وليد محمد العربي كرامتي,108,12:40 م,11:00 ص,4,19,30,1,نظري,3,البرمجة المرئية,CS342,751,95
15,نعم,44,وليد محمد العربي كرامتي,lab-123,02:25 م,12:45 م,4,19,30,1,عملي,3,البرمجة المرئية,CS342,752,96
9,نعم,44,علي مصطفى قمر علي محمد خان,103,02:00 م,12:45 م,4,15,30,1,نظري,3,تقنيات الأمثليات,CS348,753,97
9,نعم,44,علي مصطفى قمر علي محمد خان,103,01:15 م,12:00 م,2,15,30,1,نظري,3,تقنيات الأمثليات,CS348,753,98
9,نعم,44,منهل الفاضل الطيب النور,لم تحدد من الكلية,11:00 ص,09:30 ص,5,0,30,1,نظري,3,النظم الموزعة والمعالجات المتوازية,CS361,5328,99
9,نعم,44,منهل الفاضل الطيب النور,لم تحدد من الكلية,09:30 ص,08:00 ص,5,0,30,1,نظري,3,النظم الموزعة والمعالجات المتوازية,CS361,5328,100
7,نعم,44,فيصل حجى محمد الحويكم,108,04:45 م,03:30 م,2,14,30,1,نظري,3,هندسة البرمجيات,CS383,754,101
7,نعم,44,فيصل حجى محمد الحويكم,108,03:45 م,02:30 م,4,14,30,1,نظري,3,هندسة البرمجيات,CS383,754,102
7,نعم,44,فيصل حجى محمد الحويكم,109,03:45 م,02:30 م,4,12,30,2,نظري,3,هندسة البرمجيات,CS383,755,103
7,نعم,44,فيصل حجى محمد الحويكم,107,04:45 م,03:30 م,2,12,30,2,نظري,3,هندسة البرمجيات,CS383,755,104
25,نعم,44,محمد الطاهر عثمان بلقاسم بن عثمان,101,09:40 ص,08:00 ص,2,18,30,1,نظري,3,برمجة النظم,CS423,756,105
25,نعم,44,محمد الطاهر عثمان بلقاسم بن عثمان,lab-125,09:40 ص,08:00 ص,4,18,30,1,عملي,3,برمجة النظم,CS423,757,106
19,نعم,44,محمد مهدي حسن .,106,12:40 م,11:00 ص,1,10,30,1,نظري,3,الذكاء الاصطناعي,CS432,758,107
19,نعم,44,عبدالله ابراهيم عبدالله موسي,lab-125,12:55 م,11:20 ص,5,10,30,1,عملي,3,الذكاء الاصطناعي,CS432,759,108
19,نعم,44,محمد عبدالرحمن على السحيبانى,101,09:15 ص,08:00 ص,3,14,30,1,نظري,3,تعلم الآلة,CS435,5327,109
19,نعم,44,محمد عبدالرحمن على السحيبانى,101,11:55 ص,10:40 ص,3,14,30,1,نظري,3,تعلم الآلة,CS435,5327,110
9,نعم,44,عبدالعزيز صالح على الدريبى,303,11:00 ص,09:45 ص,4,18,30,1,نظري,3,مقدمة في أمن الحاسب,CS451,760,111
9,نعم,44,عبدالعزيز صالح على الدريبى,302,11:00 ص,09:45 ص,2,18,30,1,نظري,3,مقدمة في أمن الحاسب,CS451,760,112
13,نعم,44,عبداللطيف عبدالرحمن فهد العبداللطيف,103,12:45 م,11:30 ص,5,4,30,1,نظري,3,التشفير,CS452,761,113
13,نعم,44,عبداللطيف عبدالرحمن فهد العبداللطيف,102,12:45 م,11:30 ص,1,4,30,1,نظري,3,التشفير,CS452,761,114
21,نعم,44,صالح ناصر محمد السلمى,104,11:20 ص,09:40 ص,5,4,30,1,نظري,3,تقنيات الويب,CS471,762,115
21,نعم,44,صالح ناصر محمد السلمى,lab-123,12:40 م,11:00 ص,3,4,30,1,عملي,3,تقنيات الويب,CS471,763,116
15,نعم,44,ابراهيم سليمان ابراهيم السكيتى,لم تحدد من الكلية,05:30 م,03:45 م,4,11,30,1,نظري,3,موضوعات خاصة في علوم الحاسب (1),CS492,764,119
15,نعم,44,ابراهيم سليمان ابراهيم السكيتى,لم تحدد من الكلية,06:30 م,05:30 م,4,11,30,1,نظري,3,موضوعات خاصة في علوم الحاسب (1),CS492,764,120
15,نعم,44,خليل حمدى عطيه الشقيرات,لم تحدد من الكلية,05:59 م,05:00 م,5,27,30,1,عملي,1,تدريب صيفي,CS497,765,121
15,نعم,44,محمد عبدالرحمن على السحيبانى,لم تحدد من الكلية,08:40 م,07:00 م,1,2,5,1,نظري,2,مشروع تخرج (1),CS498,766,122
15,نعم,44,لم يحدد من الكلية,لم تحدد من الكلية,04:40 م,03:00 م,4,0,5,2,نظري,2,مشروع تخرج (1),CS498,767,123
15,نعم,44,لم يحدد من الكلية,لم تحدد من الكلية,04:40 م,03:00 م,4,0,5,3,نظري,2,مشروع تخرج (1),CS498,768,124
15,نعم,44,محمد عبدالرحمن على السحيبانى,لم تحدد من الكلية,04:40 م,03:00 م,4,2,5,4,نظري,2,مشروع تخرج (1),CS498,769,125
15,نعم,44,لم يحدد من الكلية,لم تحدد من الكلية,08:40 م,07:00 م,1,0,5,5,نظري,2,مشروع تخرج (1),CS498,770,126
15,نعم,44,لم يحدد من الكلية,لم تحدد من الكلية,04:40 م,03:00 م,4,0,5,6,نظري,2,مشروع تخرج (1),CS498,771,127
15,نعم,44,محمد مهدي حسن .,لم تحدد من الكلية,08:40 م,07:00 م,3,2,5,7,نظري,2,مشروع تخرج (1),CS498,772,128
15,نعم,44,سليمان عمرو سليمان العمرو,لم تحدد من الكلية,08:40 م,07:00 م,4,3,5,8,نظري,2,مشروع تخرج (1),CS498,773,129
15,نعم,44,ابراهيم سليمان ابراهيم السكيتى,لم تحدد من الكلية,08:40 م,07:00 م,4,3,5,9,نظري,2,مشروع تخرج (1),CS498,6961,130
15,نعم,44,سليمان عبدالله سليمان السحيبانى,لم تحدد من الكلية,04:40 م,03:00 م,4,2,5,10,نظري,2,مشروع تخرج (1),CS498,6962,131
15,نعم,44,لم يحدد من الكلية,لم تحدد من الكلية,04:40 م,03:00 م,4,0,5,11,نظري,2,مشروع تخرج (1),CS498,6963,132
15,نعم,44,وليد محمد العربي كرامتي,لم تحدد من الكلية,07:50 م,06:00 م,4,2,5,12,نظري,2,مشروع تخرج (1),CS498,6964,133
15,نعم,44,لم يحدد من الكلية,لم تحدد من الكلية,04:40 م,03:00 م,4,1,5,13,نظري,2,مشروع تخرج (1),CS498,6965,134
15,نعم,44,لم يحدد من الكلية,لم تحدد من الكلية,04:40 م,03:00 م,4,0,5,14,نظري,2,مشروع تخرج (1),CS498,6966,135
15,نعم,44,لم يحدد من الكلية,لم تحدد من الكلية,04:40 م,03:00 م,4,0,5,15,نظري,2,مشروع تخرج (1),CS498,6967,136
15,نعم,44,عبدالناصر محمد بشير رشيد,لم تحدد من الكلية,08:45 م,06:00 م,5,3,5,1,نظري,3,مشروع تخرج (2),CS499,774,137
15,نعم,44,وليد صالح حماد البطاح,لم تحدد من الكلية,07:00 م,04:00 م,2,1,5,2,نظري,3,مشروع تخرج (2),CS499,775,138
15,نعم,44,ابراهيم سليمان ابراهيم السكيتى,لم تحدد من الكلية,07:30 م,05:00 م,1,3,5,3,نظري,3,مشروع تخرج (2),CS499,776,139
15,نعم,44,سليمان عمرو سليمان العمرو,لم تحدد من الكلية,05:45 م,03:00 م,2,2,5,4,نظري,3,مشروع تخرج (2),CS499,777,140
15,نعم,44,علي مصطفى قمر علي محمد خان,لم تحدد من الكلية,05:45 م,03:00 م,3,2,5,5,نظري,3,مشروع تخرج (2),CS499,778,141
15,نعم,44,خليل حمدى عطيه الشقيرات,لم تحدد من الكلية,05:45 م,03:00 م,4,2,5,6,نظري,3,مشروع تخرج (2),CS499,779,142
15,نعم,44,علي مصطفى قمر علي محمد خان,لم تحدد من الكلية,10:00 م,07:00 م,4,1,5,7,نظري,3,مشروع تخرج (2),CS499,780,143
15,نعم,44,خليل حمدى عطيه الشقيرات,لم تحدد من الكلية,07:00 م,04:00 م,2,0,5,8,نظري,3,مشروع تخرج (2),CS499,781,144
15,نعم,44,لم يحدد من الكلية,لم تحدد من الكلية,05:45 م,03:00 م,4,1,5,9,نظري,3,مشروع تخرج (2),CS499,782,145
23,نعم,44,ريحان الله خان عصمت الله خان,201,01:40 م,12:00 م,2,19,40,1,نظري,3,علم البيانات لإنترنت الاشياء,IT351,810,146
"فترةالاختبار",نعم,44,مراد عبده رسام قاسم,lab-222,11:25 ص,09:45 ص,5,19,40,1,عملي,3,علم البيانات لإنترنت الاشياء,IT351,812,149
23,نعم,44,ريحان الله خان عصمت الله خان,206,05:50 م,04:00 م,1,11,30,2,نظري,3,علم البيانات لإنترنت الاشياء,IT351,811,150
23,نعم,44,محمد عبده صالح هدوان,lab-223,09:40 ص,08:00 ص,5,11,30,2,عملي,3,علم البيانات لإنترنت الاشياء,IT351,813,151
19,نعم,44,فتحي نور الدين الدهامي الفقي,303,09:15 ص,08:00 ص,4 2,35,50,1,نظري,3,رياضيات محددة,MATH212,852,152
19,نعم,44,فتحي نور الدين الدهامي الفقي,104,10:40 ص,09:25 ص,4,40,50,2,نظري,3,رياضيات محددة,MATH212,853,153
19,نعم,44,فتحي نور الدين الدهامي الفقي,102,10:40 ص,09:25 ص,2,40,50,2,نظري,3,رياضيات محددة,MATH212,853,154
19,نعم,44,عبدالناصر محمد بشير رشيد,301,02:30 م,01:15 م,3,15,30,1,نظري,3,رياضيات محددة متقدمة,MATH314,855,155
19,نعم,44,عبدالناصر محمد بشير رشيد,301,01:15 م,12:00 م,3,15,30,1,نظري,3,رياضيات محددة متقدمة,MATH314,855,156
17,نعم,44,عبدالناصر محمد بشير رشيد,105,09:15 ص,08:00 ص,4 2,27,30,1,نظري,3,الطرق العددية,MATH317,856,157
5,نعم,44,عبدالناصر محمد بشير رشيد,103,11:00 ص,09:45 ص,4 2,26,30,1,نظري,3,بحوث العمليات,MATH329,857,158
5,نعم,44,عبدالناصر محمد بشير رشيد,206,01:15 م,12:00 م,2,12,30,2,نظري,3,بحوث العمليات,MATH329,858,159
5,نعم,44,عبدالناصر محمد بشير رشيد,206,02:15 م,01:00 م,4,12,30,2,نظري,3,بحوث العمليات,MATH329,858,160
9,نعم,44,صالح مصباح صالح عبد الحفيظ,305,10:40 ص,09:25 ص,1,21,30,1,نظري,3,الدوائر الكهربائية,COE211,662,161
9,نعم,44,صالح مصباح صالح عبد الحفيظ,302,12:20 م,10:45 ص,4,21,30,1,نظري,3,الدوائر الكهربائية,COE211,662,162
22,نعم,44,عمران احمد اوان محمد ايوان,lab-322,09:40 ص,08:00 ص,5,15,15,1,عملي,1,معمل الدوائر الكهربائية,COE212,663,163
22,نعم,44,عمران احمد اوان محمد ايوان,lab-322,11:25 ص,09:45 ص,5,5,15,2,عملي,1,معمل الدوائر الكهربائية,COE212,5048,164
10,نعم,44,عمران احمد اوان محمد ايوان,301,12:15 م,11:00 ص,1,11,30,1,نظري,3,إلكترونيات,COE213,664,165
10,نعم,44,عمران احمد اوان محمد ايوان,301,11:55 ص,10:40 ص,4,11,30,1,نظري,3,إلكترونيات,COE213,664,166
24,نعم,44,عمران احمد اوان محمد ايوان,lab-324,01:40 م,12:00 م,3,8,15,1,عملي,1,معمل إلكترونيات,COE214,665,167
24,نعم,44,عمران احمد اوان محمد ايوان,lab-324,03:20 م,01:40 م,3,0,15,2,عملي,1,معمل إلكترونيات,COE214,5212,168
13,نعم,44,منهل الفاضل الطيب النور,لم تحدد من الكلية,10:30 م,09:15 م,1,10,30,1,نظري,3,لغة التجميع,COE224,668,169
13,نعم,44,منهل الفاضل الطيب النور,لم تحدد من الكلية,09:30 ص,08:00 ص,3,10,30,1,نظري,3,لغة التجميع,COE224,668,170
4,نعم,44,محمد علي عزام حموده,لم تحدد من الكلية,09:40 ص,08:00 ص,1,7,30,1,نظري,2,تفاعل الإنسان مع الحاسب,COE231,669,171
10,نعم,44,ياسر عبدالباسط احمد حسانين,لم تحدد من الكلية,06:15 م,04:50 م,2,11,30,1,نظري,3,نظم المعالجات الدقيقة,COE325,670,172
10,نعم,44,ياسر عبدالباسط احمد حسانين,لم تحدد من الكلية,04:45 م,03:30 م,2,11,30,1,نظري,3,نظم المعالجات الدقيقة,COE325,670,173
25,نعم,44,محمد حسن سليمان المشيقح,lab-323,09:40 ص,08:00 ص,2,9,20,1,عملي,1,معمل نظم المعالجات الدقيقة,COE326,671,174
14,نعم,44,محمد حسن سليمان المشيقح,لم تحدد من الكلية,02:40 م,01:00 م,4,9,15,1,عملي,2,تطبيقات المتحكم الدقيق,COE332,672,175
14,نعم,44,محمد حسن سليمان المشيقح,لم تحدد من الكلية,12:40 م,11:00 ص,3,9,15,1,عملي,2,تطبيقات المتحكم الدقيق,COE332,672,176
14,نعم,44,محمد حسن سليمان المشيقح,لم تحدد من الكلية,04:25 م,02:45 م,4 3,6,15,2,عملي,2,تطبيقات المتحكم الدقيق,COE332,673,179
7,نعم,44,ابراهيم احمد خطيب .,لم تحدد من الكلية,09:15 ص,08:00 ص,2,10,30,1,نظري,3,هندسة نظم الحاسب,COE333,674,180
7,نعم,44,ابراهيم احمد خطيب .,لم تحدد من الكلية,11:00 ص,09:45 ص,1,10,30,1,نظري,3,هندسة نظم الحاسب,COE333,674,181
11,نعم,44,عبدالله ابراهيم على الشوشان,305,02:30 م,01:15 م,2 1,11,30,1,نظري,3,تحليل الإشارات والنظم,COE361,680,182
18,نعم,44,حمد ناصر حمد البداح,لم تحدد من الكلية,01:05 م,12:15 م,1,7,15,1,عملي,1,معمل تحليل الإشارات والنظم,COE362,681,183
18,نعم,44,حمد ناصر حمد البداح,لم تحدد من الكلية,12:05 م,11:15 ص,1,2,15,2,عملي,1,معمل تحليل الإشارات والنظم,COE362,5277,184
9,نعم,44,صالح مصباح صالح عبد الحفيظ,204,09:15 ص,08:00 ص,4 2,7,30,1,نظري,3,"تصميم الدوائر المتكاملة التطبيقية وعاليةالاندماج",COE415,682,185
9,نعم,44,منهل الفاضل الطيب النور,لم تحدد من الكلية,09:30 ص,08:00 ص,5,3,30,1,نظري,3,المعالجة المتوازية,COE428,6681,187
9,نعم,44,منهل الفاضل الطيب النور,لم تحدد من الكلية,11:00 ص,09:30 ص,5,3,30,1,نظري,3,المعالجة المتوازية,COE428,6681,188
23,نعم,44,سيد سهيل أحمد سيد حفيظ أحمد,303,01:50 م,12:15 م,4,14,30,1,نظري,3,نظم التحكم الرقمي,COE432,683,189
23,نعم,44,سيد سهيل أحمد سيد حفيظ أحمد,303,12:45 م,11:30 ص,5,14,30,1,نظري,3,نظم التحكم الرقمي,COE432,683,190
13,نعم,44,ياسر عبدالباسط احمد حسانين,304,11:00 ص,09:45 ص,5,12,30,1,نظري,3,الأنظمة المدمجة,COE434,684,191
13,نعم,44,ياسر عبدالباسط احمد حسانين,305,04:15 م,03:00 م,5,12,30,1,نظري,3,الأنظمة المدمجة,COE434,684,192
20,نعم,44,نوح   تولتش,لم تحدد من الكلية,01:00 م,11:20 ص,2,4,20,1,عملي,1,معمل الأنظمة المدمجة,COE435,685,193
20,نعم,44,نوح   تولتش,لم تحدد من الكلية,11:00 ص,09:20 ص,4,8,20,2,عملي,1,معمل الأنظمة المدمجة,COE435,5281,194
19,نعم,44,ابراهيم احمد خطيب .,303,01:15 م,12:00 م,3,2,30,1,نظري,3,الروبوتية والتحكم,COE441,686,195
19,نعم,44,ابراهيم احمد خطيب .,303,02:10 م,12:40 م,1,2,30,1,نظري,3,الروبوتية والتحكم,COE441,686,196
19,لا,44,محمد مهدي حسن .,لم تحدد من الكلية,12:40 م,11:00 ص,1,0,30,1,نظري,3,الذكاء الاصطناعي والنظم الخبيرة,COE442,6680,197
19,لا,44,محمد مهدي حسن .,لم تحدد من الكلية,01:20 م,12:30 م,4,0,30,1,نظري,3,الذكاء الاصطناعي والنظم الخبيرة,COE442,6680,198
9,نعم,44,عبدالعزيز صالح على الدريبى,لم تحدد من الكلية,11:00 ص,09:45 ص,4 2,1,30,1,نظري,3,أمن الشبكات والحاسب,COE455,687,199
25,لا,44,محمد علي عزام حموده,لم تحدد من الكلية,02:30 م,01:15 م,2,0,30,1,نظري,3,الحوسبة السحابية,COE457,6677,200
25,لا,44,محمد علي عزام حموده,لم تحدد من الكلية,11:10 ص,09:45 ص,5,0,30,1,نظري,3,الحوسبة السحابية,COE457,6677,201
1,نعم,44,سيد سهيل أحمد سيد حفيظ أحمد,301,02:15 م,01:00 م,2,12,30,1,نظري,3,معالجة الإشارات الرقمية,COE463,688,202
1,نعم,44,سيد سهيل أحمد سيد حفيظ أحمد,لم تحدد من الكلية,02:30 م,01:15 م,3,12,30,1,نظري,3,معالجة الإشارات الرقمية,COE463,688,203
5,نعم,44,ابراهيم احمد خطيب .,202,09:15 ص,08:00 ص,3 1,5,30,1,نظري,3,موضوعات خاصة في هندسة الحاسب (1),COE492,689,204
5,لا,44,لم يحدد من الكلية,203,11:00 ص,09:30 ص,3,0,30,1,نظري,3,موضوعات خاصة في هندسة الحاسب (2),COE493,690,205
5,لا,44,لم يحدد من الكلية,لم تحدد من الكلية,12:15 م,11:00 ص,4,0,30,1,نظري,3,موضوعات خاصة في هندسة الحاسب (2),COE493,690,206
"فترةالاختبار",نعم,44,سيد سهيل أحمد سيد حفيظ أحمد,لم تحدد من الكلية,06:40 م,05:00 م,5,24,30,1,عملي,1,تدريب صيفي,COE497,691,209
"فترةالاختبار",نعم,44,محمد علي علي مارتوزا,لم تحدد من الكلية,08:40 م,07:00 م,1,2,5,1,نظري,2,مشروع تخرج (1),COE498,692,210
"فترةالاختبار",نعم,44,محمد تنوير  برويز,لم تحدد من الكلية,04:40 م,03:00 م,2,2,5,2,نظري,2,مشروع تخرج (1),COE498,693,211
"فترةالاختبار",نعم,44,ياسر عبدالباسط احمد حسانين,لم تحدد من الكلية,08:40 م,07:00 م,5,2,5,3,نظري,2,مشروع تخرج (1),COE498,694,212
"فترةالاختبار",نعم,44,صالح مصباح صالح عبد الحفيظ,لم تحدد من الكلية,04:40 م,03:00 م,2,2,5,4,نظري,2,مشروع تخرج (1),COE498,695,213
"فترةالاختبار",نعم,44,سيد سهيل أحمد سيد حفيظ أحمد,لم تحدد من الكلية,04:40 م,03:00 م,2,2,5,5,نظري,2,مشروع تخرج (1),COE498,696,214
"فترةالاختبار",نعم,44,ابراهيم احمد خطيب .,لم تحدد من الكلية,04:40 م,03:00 م,5,1,5,6,نظري,2,مشروع تخرج (1),COE498,697,215
"فترةالاختبار",نعم,44,صالح مصباح صالح عبد الحفيظ,لم تحدد من الكلية,04:40 م,03:00 م,2,0,5,7,نظري,2,مشروع تخرج (1),COE498,698,216
"فترةالاختبار",نعم,44,ابراهيم احمد خطيب .,لم تحدد من الكلية,05:40 م,04:00 م,3,0,5,8,نظري,2,مشروع تخرج (1),COE498,699,217
"فترةالاختبار",نعم,44,لم يحدد من الكلية,لم تحدد من الكلية,07:00 م,05:00 م,3,0,5,9,نظري,2,مشروع تخرج (1),COE498,700,218
"فترةالاختبار",نعم,44,محمد علي علي مارتوزا,لم تحدد من الكلية,05:45 م,03:00 م,1,3,5,1,نظري,3,مشروع تخرج (2),COE499,701,219
"فترةالاختبار",نعم,44,عبدالله ابراهيم على الشوشان,لم تحدد من الكلية,05:45 م,03:00 م,4,3,5,2,نظري,3,مشروع تخرج (2),COE499,702,220
"فترةالاختبار",نعم,44,محمد علي علي مارتوزا,لم تحدد من الكلية,05:45 م,03:00 م,2,2,5,3,نظري,3,مشروع تخرج (2),COE499,703,221
"فترةالاختبار",نعم,44,ياسر عبدالباسط احمد حسانين,لم تحدد من الكلية,05:45 م,03:00 م,1,2,5,4,نظري,3,مشروع تخرج (2),COE499,704,222
"فترةالاختبار",نعم,44,عبدالله ابراهيم على الشوشان,لم تحدد من الكلية,07:30 م,05:00 م,1,2,5,5,نظري,3,مشروع تخرج (2),COE499,705,223
"فترةالاختبار",نعم,44,سيد سهيل أحمد سيد حفيظ أحمد,لم تحدد من الكلية,05:45 م,03:00 م,2,2,5,6,نظري,3,مشروع تخرج (2),COE499,706,224
"فترةالاختبار",نعم,44,ابراهيم احمد خطيب .,لم تحدد من الكلية,05:45 م,03:00 م,1,1,5,7,نظري,3,مشروع تخرج (2),COE499,707,225
"فترةالاختبار",نعم,44,صالح مصباح صالح عبد الحفيظ,لم تحدد من الكلية,07:30 م,05:00 م,3,2,5,8,نظري,3,مشروع تخرج (2),COE499,708,226
"فترةالاختبار",نعم,44,ابراهيم احمد خطيب .,لم تحدد من الكلية,08:45 م,06:00 م,4,2,5,9,نظري,3,مشروع تخرج (2),COE499,709,227
"فترةالاختبار",نعم,44,لم يحدد من الكلية,لم تحدد من الكلية,08:45 م,06:00 م,4,0,5,10,نظري,3,مشروع تخرج (2),COE499,710,228
17,نعم,44,نبيل عتيق أحمد خان,لم تحدد من الكلية,12:45 م,11:05 ص,1,34,40,1,نظري,2,مهارات الإتصال وأخلاقيات المهنة,IT362,817,229
17,نعم,44,نبيل عتيق أحمد خان,لم تحدد من الكلية,01:10 م,11:30 ص,5,29,35,2,نظري,2,مهارات الإتصال وأخلاقيات المهنة,IT362,818,230
11,نعم,44,اسلام خان محمد نضرول,301,11:00 ص,09:45 ص,3,33,50,1,نظري,3,المعادلات التفاضلية,MATH218,854,231
11,نعم,44,اسلام خان محمد نضرول,302,03:15 م,01:40 م,2,33,50,1,نظري,3,المعادلات التفاضلية,MATH218,854,232
15,نعم,44,خليل ابراهيم محمد ابو زعنونه,201,11:00 ص,09:20 ص,1,37,40,1,نظري,3,البرمجة الشيئية(1),IT214,792,233
15,نعم,44,خليل ابراهيم محمد ابو زعنونه,lab-221,09:40 ص,08:00 ص,5,18,20,1,عملي,3,البرمجة الشيئية(1),IT214,793,234
15,نعم,44,خليل ابراهيم محمد ابو زعنونه,lab-221,11:25 ص,09:45 ص,5,19,20,2,عملي,3,البرمجة الشيئية(1),IT214,794,235
4,نعم,44,محمد علي عزام حموده,206,09:40 ص,08:00 ص,1,25,40,1,نظري,2,اتصال الانسان بالحاسب,IT215,795,236
1,نعم,44,مراد عبده رسام قاسم,206,01:15 م,12:00 م,3,27,40,1,نظري,3,سرية وتأمين المعلموات,IT221,796,239
1,نعم,44,مراد عبده رسام قاسم,206,12:30 م,11:15 ص,1,27,40,1,نظري,3,سرية وتأمين المعلموات,IT221,796,240
7,نعم,44,نبيل عتيق أحمد خان,206,10:45 ص,09:30 ص,3,32,40,1,نظري,3,مبادى تكنولوجيا المعلومات,IT251,797,241
7,نعم,44,نبيل عتيق أحمد خان,204,12:15 م,11:00 ص,4,32,40,1,نظري,3,مبادى تكنولوجيا المعلومات,IT251,797,242
21,نعم,44,طارق أحمد الصغير مولاهي,201,12:40 م,11:00 ص,1,30,40,1,نظري,3,تكنولوجيا الويب,IT271,798,243
21,نعم,44,طارق أحمد الصغير مولاهي,lab-221,01:30 م,12:00 م,2,16,20,1,عملي,3,تكنولوجيا الويب,IT271,799,244
21,نعم,44,طارق أحمد الصغير مولاهي,lab-221,03:20 م,01:30 م,2,14,20,2,عملي,3,تكنولوجيا الويب,IT271,800,245
13,نعم,44,خليل ابراهيم محمد ابو زعنونه,201,02:55 م,01:15 م,5,24,30,1,نظري,3,البرمجة الشيئية (2),IT315,801,246
13,نعم,44,خليل ابراهيم محمد ابو زعنونه,lab-223,09:40 ص,08:00 ص,2,11,15,1,عملي,3,البرمجة الشيئية (2),IT315,802,247
13,نعم,44,خليل ابراهيم محمد ابو زعنونه,lab-223,09:40 ص,08:00 ص,4,13,15,2,عملي,3,البرمجة الشيئية (2),IT315,803,248
19,نعم,44,ابراهيم عبدالله فهد المبارك,202,01:15 م,12:00 م,3 2,26,30,1,نظري,4,قواعد بيانات متقدمة,IT332,804,249
19,نعم,44,ابراهيم عبدالله فهد المبارك,lab-223,11:25 ص,09:45 ص,5,15,15,1,عملي,4,قواعد بيانات متقدمة,IT332,805,250
19,نعم,44,ابراهيم عبدالله فهد المبارك,lab-223,01:10 م,11:30 ص,5,11,15,2,عملي,4,قواعد بيانات متقدمة,IT332,806,251
25,نعم,44,محمد علي عزام حموده,201,11:25 ص,09:45 ص,5,18,30,1,نظري,3,الحوسبة السحابية والمتنقلة,IT342,807,252
25,نعم,44,محمد علي عزام حموده,lab-224,03:00 م,01:20 م,3,13,15,2,عملي,3,الحوسبة السحابية والمتنقلة,IT342,809,253
25,نعم,44,محمد علي عزام حموده,lab-224,03:00 م,01:20 م,2,5,15,1,عملي,3,الحوسبة السحابية والمتنقلة,IT342,808,254
9,نعم,44,ابراهيم عبدالله فهد المبارك,202,02:30 م,01:15 م,2,25,30,1,نظري,3,تحليل وتصميم نظم المعلومات,IT352,814,255
9,نعم,44,ابراهيم عبدالله فهد المبارك,201,12:30 م,11:15 ص,4,25,30,1,نظري,3,تحليل وتصميم نظم المعلومات,IT352,814,256
15,نعم,44,محمد علي عزام حموده,203,02:00 م,12:15 م,4,26,30,1,نظري,3,نظام الإدارة والصيانة,IT361,815,257
15,نعم,44,محمد علي عزام حموده,lab-222,09:40 ص,08:00 ص,5,26,30,1,عملي,3,نظام الإدارة والصيانة,IT361,816,258
9,نعم,44,ريحان الله خان عصمت الله خان,203,01:15 م,12:00 م,3,15,30,1,نظري,3,تنقيب وتخزين البيانات,IT372,819,259
9,نعم,44,ريحان الله خان عصمت الله خان,203,11:10 ص,09:40 ص,1,15,30,1,نظري,3,تنقيب وتخزين البيانات,IT372,819,260
11,نعم,44,نبيل عتيق أحمد خان,202,09:15 ص,08:00 ص,2,30,30,1,نظري,3,تطبيقات الأنظمة المبنية على المعرفة,IT424,820,261
11,نعم,44,نبيل عتيق أحمد خان,203,09:15 ص,08:00 ص,4,30,30,1,نظري,3,تطبيقات الأنظمة المبنية على المعرفة,IT424,820,262
22,نعم,44,محمد عبده صالح هدوان,لم تحدد من الكلية,12:15 م,11:00 ص,4,23,30,1,نظري,3,نظم دعم القرار,IT435,821,263
22,نعم,44,محمد عبده صالح هدوان,لم تحدد من الكلية,01:15 م,12:00 م,2,23,30,1,نظري,3,نظم دعم القرار,IT435,821,264
7,نعم,44,سليم محمد الناصر  الخذيري,203,09:40 ص,08:00 ص,1,21,30,1,نظري,3,الشبكات اللاسلكية وشبكات بيانات المحمول,IT442,822,265
7,نعم,44,سليم محمد الناصر  الخذيري,lab-225,09:40 ص,08:00 ص,3,21,30,1,عملي,3,الشبكات اللاسلكية وشبكات بيانات المحمول,IT442,823,266
25,نعم,44,سليم محمد الناصر  الخذيري,204,11:00 ص,09:45 ص,3 1,30,50,1,نظري,3,ضغط بيانات الوسائط المتعددة,IT443,824,269
25,لا,44,لم يحدد من الكلية,لم تحدد من الكلية,12:40 م,11:00 ص,1,0,30,1,نظري,3,إدارة الشبكات وقواعد البيانات,IT462,5325,270
25,لا,44,لم يحدد من الكلية,لم تحدد من الكلية,12:20 م,10:40 ص,4,0,30,1,عملي,3,إدارة الشبكات وقواعد البيانات,IT462,5326,271
25,نعم,44,منهل الفاضل الطيب النور,201,09:40 ص,08:00 ص,5,3,30,1,نظري,3,النظم الموزعة والمتوازية,IT463,6678,272
25,نعم,44,منهل الفاضل الطيب النور,lab-224,11:15 ص,09:40 ص,5,3,30,1,عملي,3,النظم الموزعة والمتوازية,IT463,6679,273
3,نعم,44,عبدالله محمد صالح العرج,201,04:15 م,03:00 م,1,13,30,1,نظري,3,نظم التجارة الالكترونية,IT473,825,274
3,نعم,44,عبدالله محمد صالح العرج,201,11:00 ص,09:45 ص,4,13,30,1,نظري,3,نظم التجارة الالكترونية,IT473,825,275
3,لا,44,لم يحدد من الكلية,لم تحدد من الكلية,11:00 ص,09:45 ص,1,0,30,1,نظري,3,تحليل البيانات الضخمة,IT474,5329,276
3,لا,44,لم يحدد من الكلية,لم تحدد من الكلية,10:40 ص,09:25 ص,3,0,30,1,نظري,3,تحليل البيانات الضخمة,IT474,5329,277
19,نعم,44,محمد عبده صالح هدوان,201,02:00 م,12:45 م,1,11,30,1,نظري,3,مواضيع مختارة في تقنية المعلومات (1),IT491,826,278
19,نعم,44,محمد عبده صالح هدوان,201,12:45 م,11:30 ص,5,11,30,1,نظري,3,مواضيع مختارة في تقنية المعلومات (1),IT491,826,279
15,لا,44,سليم محمد الناصر  الخذيري,لم تحدد من الكلية,09:15 ص,08:00 ص,4 2,0,30,1,نظري,3,مواضيع مختارة في تقنية المعلومات (2),IT492,827,280
15,نعم,44,محمدى محمد نور ساجد,لم تحدد من الكلية,10:00 م,08:00 م,5,30,40,1,عملي,1,تدريب صيفي,IT497,5280,281
15,نعم,44,سليم محمد الناصر  الخذيري,لم تحدد من الكلية,06:40 م,05:00 م,3,4,5,1,نظري,2,مشروع تخرج (1),IT498,828,282
15,نعم,44,محمد عبده صالح هدوان,202,04:40 م,03:00 م,3,3,5,2,نظري,2,مشروع تخرج (1),IT498,829,283
15,نعم,44,محمد عبده صالح هدوان,لم تحدد من الكلية,04:40 م,03:00 م,3,3,5,3,نظري,2,مشروع تخرج (1),IT498,830,284
15,نعم,44,ريحان الله خان عصمت الله خان,لم تحدد من الكلية,04:40 م,03:00 م,3,3,5,4,نظري,2,مشروع تخرج (1),IT498,831,285
15,نعم,44,نبيل عتيق أحمد خان,لم تحدد من الكلية,04:40 م,03:00 م,3,3,5,5,نظري,2,مشروع تخرج (1),IT498,832,286
15,نعم,44,طارق أحمد الصغير مولاهي,لم تحدد من الكلية,04:40 م,03:00 م,3,3,5,6,نظري,2,مشروع تخرج (1),IT498,833,287
15,نعم,44,لم يحدد من الكلية,لم تحدد من الكلية,04:40 م,03:00 م,3,0,5,7,نظري,2,مشروع تخرج (1),IT498,6949,288
15,نعم,44,لم يحدد من الكلية,لم تحدد من الكلية,04:40 م,03:00 م,3,0,5,8,نظري,2,مشروع تخرج (1),IT498,6950,289
15,نعم,44,لم يحدد من الكلية,لم تحدد من الكلية,04:40 م,03:00 م,3,0,5,9,نظري,2,مشروع تخرج (1),IT498,6951,290
15,نعم,44,لم يحدد من الكلية,لم تحدد من الكلية,04:40 م,03:00 م,3,0,5,10,نظري,2,مشروع تخرج (1),IT498,6952,291
15,نعم,44,لم يحدد من الكلية,لم تحدد من الكلية,04:40 م,03:00 م,3,0,5,11,نظري,2,مشروع تخرج (1),IT498,6953,292
15,نعم,44,لم يحدد من الكلية,لم تحدد من الكلية,04:40 م,03:00 م,3,0,5,12,نظري,2,مشروع تخرج (1),IT498,6954,293
15,نعم,44,لم يحدد من الكلية,لم تحدد من الكلية,04:40 م,03:00 م,3,0,5,13,نظري,2,مشروع تخرج (1),IT498,6955,294
15,نعم,44,لم يحدد من الكلية,لم تحدد من الكلية,04:40 م,03:00 م,3,0,5,14,نظري,2,مشروع تخرج (1),IT498,6956,295
15,نعم,44,لم يحدد من الكلية,لم تحدد من الكلية,04:40 م,03:00 م,3,0,5,15,نظري,2,مشروع تخرج (1),IT498,6957,296
"فترةالاختبار",نعم,44,وليد صالح حماد البطاح,لم تحدد من الكلية,07:30 م,05:00 م,5,2,5,1,نظري,3,مشروع تخرج (2),IT499,834,299
"فترةالاختبار",نعم,44,طارق أحمد الصغير مولاهي,لم تحدد من الكلية,07:30 م,05:00 م,3,3,5,2,نظري,3,مشروع تخرج (2),IT499,835,300
"فترةالاختبار",نعم,44,محمد علي عزام حموده,لم تحدد من الكلية,07:30 م,05:00 م,1,3,5,3,نظري,3,مشروع تخرج (2),IT499,836,301
"فترةالاختبار",نعم,44,محمد علي عزام حموده,لم تحدد من الكلية,07:30 م,05:00 م,3,3,5,4,نظري,3,مشروع تخرج (2),IT499,837,302
"فترةالاختبار",نعم,44,سليم محمد الناصر  الخذيري,لم تحدد من الكلية,07:30 م,05:00 م,3,3,5,5,نظري,3,مشروع تخرج (2),IT499,838,303
"فترةالاختبار",نعم,44,خليل ابراهيم محمد ابو زعنونه,لم تحدد من الكلية,07:30 م,05:00 م,3,3,5,6,نظري,3,مشروع تخرج (2),IT499,839,304
"فترةالاختبار",نعم,44,لم يحدد من الكلية,لم تحدد من الكلية,07:30 م,05:00 م,3,0,5,7,نظري,3,مشروع تخرج (2),IT499,840,305
"فترةالاختبار",نعم,44,لم يحدد من الكلية,لم تحدد من الكلية,07:30 م,05:00 م,3,0,5,8,نظري,3,مشروع تخرج (2),IT499,841,306
"فترةالاختبار",نعم,44,لم يحدد من الكلية,لم تحدد من الكلية,07:30 م,05:00 م,3,0,5,9,نظري,3,مشروع تخرج (2),IT499,842,307
13,نعم,44,محمد علي علي مارتوزا,105,10:40 ص,09:25 ص,4,33,50,1,نظري,3,التصميم المنطقي,COE121,653,308
13,نعم,44,محمد علي علي مارتوزا,106,10:40 ص,09:25 ص,5,33,50,1,نظري,3,التصميم المنطقي,COE121,653,309
13,نعم,44,محمد علي علي مارتوزا,301,12:30 م,11:15 ص,5,24,50,2,نظري,3,التصميم المنطقي,COE121,654,310
13,نعم,44,محمد علي علي مارتوزا,301,09:15 ص,08:00 ص,4,24,50,2,نظري,3,التصميم المنطقي,COE121,654,311
13,نعم,44,فتحي نور الدين الدهامي الفقي,303,09:15 ص,08:00 ص,5 3,19,50,3,نظري,3,التصميم المنطقي,COE121,655,312
17,نعم,44,نوح   تولتش,lab-321,03:20 م,01:40 م,3,9,15,1,عملي,1,التصميم المنطقي )معمل(,COE122,656,313
23,نعم,44,نوح   تولتش,lab-321,01:40 م,12:00 م,3,14,15,2,عملي,1,التصميم المنطقي )معمل(,COE122,657,314
4,نعم,44,نوح   تولتش,lab-321,09:40 ص,08:00 ص,3,16,15,3,عملي,1,التصميم المنطقي )معمل(,COE122,658,315
8,نعم,44,نوح   تولتش,lab-321,11:25 ص,09:45 ص,3,15,15,4,عملي,1,التصميم المنطقي )معمل(,COE122,659,316
16,نعم,44,نوح   تولتش,lab-321,01:00 م,11:25 ص,4,14,15,5,عملي,1,التصميم المنطقي )معمل(,COE122,660,317
16,نعم,44,نوح   تولتش,لم تحدد من الكلية,02:50 م,01:00 م,1,4,15,6,عملي,1,التصميم المنطقي )معمل(,COE122,661,318
23,نعم,44,فيصل حجى محمد الحويكم,101,09:40 ص,08:00 ص,1,31,30,1,نظري,3,برمجة الحاسب (2),CS181,711,319
23,نعم,44,محمد سليمان صالح الغشام,lab-121,11:25 ص,09:45 ص,3,15,15,1,عملي,3,برمجة الحاسب (2),CS181,714,320
23,نعم,44,فيصل حجى محمد الحويكم,lab-121,09:40 ص,08:00 ص,3,16,15,2,عملي,3,برمجة الحاسب (2),CS181,715,321
23,نعم,44,صالح ناصر محمد السلمى,101,01:10 م,11:30 ص,1,31,30,2,نظري,3,برمجة الحاسب (2),CS181,712,322
23,نعم,44,ابراهيم جديد سعود العنزى,lab-121,03:20 م,01:40 م,3,15,15,4,عملي,3,برمجة الحاسب (2),CS181,717,323
23,نعم,44,ابراهيم جديد سعود العنزى,lab-122,01:40 م,12:00 م,3,16,15,3,عملي,3,برمجة الحاسب (2),CS181,716,324
23,نعم,44,صالح ناصر محمد السلمى,101,11:25 ص,09:45 ص,1,15,30,3,نظري,3,برمجة الحاسب (2),CS181,713,325
23,نعم,44,محمد سليمان صالح الغشام,lab-121,09:40 ص,08:00 ص,4,9,15,6,عملي,3,برمجة الحاسب (2),CS181,719,326
"فترةالاختبار",نعم,44,محمد سليمان صالح الغشام,lab-121,11:25 ص,09:45 ص,4,6,15,5,عملي,3,برمجة الحاسب (2),CS181,718,329
23,نعم,44,فيصل حجى محمد الحويكم,102,09:40 ص,08:00 ص,5,25,30,4,نظري,3,برمجة الحاسب (2),CS181,5020,330
23,نعم,44,ابراهيم جديد سعود العنزى,lab-122,01:10 م,11:30 ص,5,12,15,8,عملي,3,برمجة الحاسب (2),CS181,5022,331
23,نعم,44,محمد سليمان صالح الغشام,lab-122,01:10 م,11:30 ص,4,13,15,7,عملي,3,برمجة الحاسب (2),CS181,5021,332
19,نعم,44,وليد محمد العربي كرامتي,104,09:40 ص,08:00 ص,1,40,50,1,نظري,3,برمجة الحاسب (3),CS182,720,333
19,نعم,44,عبدالله ابراهيم عبدالله موسي,lab-122,11:25 ص,09:45 ص,3,21,25,1,عملي,3,برمجة الحاسب (3),CS182,723,334
19,نعم,44,ابراهيم جديد سعود العنزى,lab-122,09:40 ص,08:00 ص,3,19,25,2,عملي,3,برمجة الحاسب (3),CS182,724,335
19,نعم,44,وليد محمد العربي كرامتي,103,01:15 م,11:30 ص,1,18,50,2,نظري,3,برمجة الحاسب (3),CS182,721,336
19,نعم,44,عبدالله ابراهيم عبدالله موسي,lab-126,03:25 م,01:40 م,3,5,25,4,عملي,3,برمجة الحاسب (3),CS182,726,337
19,نعم,44,عبدالله ابراهيم عبدالله موسي,lab-125,01:40 م,12:00 م,3,13,25,3,عملي,3,برمجة الحاسب (3),CS182,725,338
19,نعم,44,وليد محمد العربي كرامتي,104,11:25 ص,09:45 ص,1,25,50,3,نظري,3,برمجة الحاسب (3),CS182,722,339
19,نعم,44,عبدالله ابراهيم عبدالله موسي,lab-122,11:25 ص,09:45 ص,4,14,25,5,عملي,3,برمجة الحاسب (3),CS182,727,340
19,نعم,44,عبدالله ابراهيم عبدالله موسي,lab-122,09:40 ص,08:00 ص,4,11,25,6,عملي,3,برمجة الحاسب (3),CS182,728,341
5,نعم,44,محمدى محمد نور ساجد,205,11:25 ص,09:45 ص,4,45,50,1,نظري,3,قواعد بيانات,IT131,786,342
5,نعم,44,محمدى محمد نور ساجد,lab-221,09:40 ص,08:00 ص,3,22,25,1,عملي,3,قواعد بيانات,IT131,788,343
5,نعم,44,محمدى محمد نور ساجد,lab-222,11:25 ص,09:45 ص,3,22,25,2,عملي,3,قواعد بيانات,IT131,789,344
5,نعم,44,محمدى محمد نور ساجد,201,11:25 ص,09:45 ص,2,54,50,2,نظري,3,قواعد بيانات,IT131,787,345
5,نعم,44,محمدى محمد نور ساجد,lab-222,03:20 م,01:40 م,3,27,25,4,عملي,3,قواعد بيانات,IT131,791,346
5,نعم,44,محمدى محمد نور ساجد,lab-221,01:40 م,12:00 م,3,28,25,3,عملي,3,قواعد بيانات,IT131,790,347
5,لا,44,محمدى محمد نور ساجد,203,09:40 ص,08:00 ص,2,0,40,3,نظري,3,قواعد بيانات,IT131,4324,348
5,لا,44,محمدى محمد نور ساجد,lab-221,02:10 م,12:30 م,4,0,20,6,عملي,3,قواعد بيانات,IT131,4326,349
5,لا,44,محمدى محمد نور ساجد,lab-222,09:40 ص,08:00 ص,4,0,20,5,عملي,3,قواعد بيانات,IT131,4325,350
5,لا,44,لم يحدد من الكلية,لم تحدد من الكلية,11:25 ص,09:45 ص,4,0,30,4,نظري,3,قواعد بيانات,IT131,5029,351
5,لا,44,لم يحدد من الكلية,lab-221,09:40 ص,08:00 ص,4,0,15,7,عملي,3,قواعد بيانات,IT131,5030,352
5,لا,44,لم يحدد من الكلية,لم تحدد من الكلية,01:10 م,11:30 ص,4,0,15,8,عملي,3,قواعد بيانات,IT131,5031,353
1,نعم,44,نائل محمد ابراهيم قرقز,لم تحدد من الكلية,لم يحدد من الكلية,لم يحدد من الكلية,لم يحدد من الكلية,3,نظري,3,نظري,2,IC  101,IC101,783,354
2,نعم,44,نائل محمد ابراهيم قرقز,لم تحدد من الكلية,لم يحدد من الكلية,لم يحدد من الكلية,لم يحدد من الكلية,2,نظري,2,نظري,2,IC  102,IC102,784,355
5,نعم,44,حمد عبدالله حمد الصقعبي,لم تحدد من الكلية,لم يحدد من الكلية,لم يحدد من الكلية,لم يحدد من الكلية,4,نظري,4,نظري,2,IC  103,IC103,785,356
2,نعم,44,عادل عبدالله صالح الشبعان,لم تحدد من الكلية,لم يحدد من الكلية,لم يحدد من الكلية,لم يحدد من الكلية,53,نظري,53,نظري,2,IC  104,IC104,5284,359
9,نعم,44,رشيد عبدالله رشيد الربيش,101,03:20 م,01:40 م,2,21,50,6,نظري,2,المهارات اللغوية,ARAB101,649,360
9,نعم,44,ياسر محمد  الخليل,101,02:55 م,01:15 م,1,15,50,7,نظري,2,المهارات اللغوية,ARAB101,650,361
9,نعم,44,لم يحدد من الكلية,101,03:20 م,01:40 م,2,0,50,32,نظري,2,المهارات اللغوية,ARAB101,1309,362
9,لا,44,لم يحدد من الكلية,104,02:40 م,01:00 م,1,0,50,33,نظري,2,المهارات اللغوية,ARAB101,1310,363
10,نعم,44,ابراهيم محمد براهيم العيد,102,12:20 م,10:40 ص,4,24,50,3,نظري,2,التحرير العربي,ARAB103,651,364
10,نعم,44,عبدالعزيز سليمان ابراهيم الحسن,106,02:55 م,01:15 م,4,15,50,4,نظري,2,التحرير العربي,ARAB103,652,365
10,لا,44,لم يحدد من الكلية,102,12:20 م,10:40 ص,4,0,50,27,نظري,2,التحرير العربي,ARAB103,1344,366
10,لا,44,لم يحدد من الكلية,106,02:55 م,01:15 م,4,0,50,30,نظري,2,التحرير العربي,ARAB103,1347,367
